Referencia;ReferenciaLosa;ReferenciaLosaBloqueo;Uso;ModoDeInstalación;Fabricante;Modelo;Ancho;GROSOR;longitud;Rotación;Reserva;NCapa;HCapa;NombreDelLocal;Forma;CargaMáx;OrdenLosa;RadioCurvatura;Puntos;NombreDelLocalLosa
18307894;;1;LV1B;;;KSBE_E_Ladder_FRP_Internal_Riser;;102;;;;;;;0;;;;176.062 2.768 136.939|176.062 2.416 137.291;
18307734;;1;LV1B;;;KSBE_E_Ladder_FRP_Horizontal_Bend;;102;;;;;;;0;;;;176.886 3.721 136.939|177.262 3.345 136.939;
18307727;;1;LV1B;;;KSBE_E_Ladder_FRP_Horizontal_Tee;;102;;;;;;;0;;;;176.062 3.345 136.939|176.062 3.721 136.939|176.813 3.721 136.939|176.062 3.721 136.939|176.062 4.097 136.939;
18307568;;1;LV1B;;;KSBE_E_Ladder_FRP_Horizontal_Bend;;102;;;;;;;0;;;;177.262 2.441 136.939|176.886 2.065 136.939;
18307483;;1;LV1B;;;KSBE_E_Ladder_FRP_External_Riser;;102;;;;;;;0;;;;175.569 2.065 136.587|175.921 2.065 136.939;
18307102;;1;LV1B;;;KSBE_E_Ladder_FRP_Internal_Riser;;102;;;;;;;0;;;;175.217 2.065 131.030|175.569 2.065 131.382;
18307008;;1;LV1B;;;KSBE_E_Ladder_FRP_Horizontal_Bend;;102;;;;;;;0;;;;174.280 2.441 131.030|174.656 2.065 131.030;
18306865;;1;LV1B;;;KSBE_E_Ladder_FRP_Horizontal_Bend;;102;;;;;;;0;;;;174.280 4.189 131.030|173.904 4.565 131.030;
18306689;;1;LV1B;;;KSBE_E_Ladder_FRP_Horizontal_Bend;;102;;;;;;;0;;;;173.775 4.565 131.030|173.399 4.941 131.030;
18279183;;1;LV1B;;;KSBE_E_Ladder_FRP_Horizontal_Tee;;102;;;;;;;0;;;;151.224 1.843 126.267|151.224 1.492 126.267|151.575 1.492 126.267|151.224 1.492 126.267|151.224 1.141 126.267;
18277763;;1;LV1B;;;KSBE_E_Ladder_FRP_Horizontal_Bend;;102;;;;;;;0;;;;151.224 1.341 119.267|151.375 1.492 119.267;
18277752;;1;LV1B;;;KSBE_E_Ladder_FRP_Internal_Riser;;102;;;;;;;0;;;;151.224 0.810 119.267|151.224 0.658 119.419;
18277711;;1;LV1B;;;KSBE_E_Ladder_FRP_External_Riser;;102;;;;;;;0;;;;151.224 0.658 126.115|151.224 0.810 126.267;
18270029;;1;LV1B;;;KSBE_E_Ladder_FRP_Internal_Riser;;102;;;;;;;0;;;;150.916 2.406 126.421|151.070 2.406 126.267;
18270027;;1;LV1B;;;KSBE_E_Ladder_FRP_External_Riser;;102;;;;;;;0;;;;150.937 2.406 130.116|150.916 2.406 130.037;
18269935;;1;LV1B;;;KSBE_E_Ladder_FRP_External_Riser;;102;;;;;;;0;;;;151.045 2.406 130.903|151.066 2.406 130.824;
18269933;;1;LV1B;;;KSBE_E_Ladder_FRP_Internal_Riser;;102;;;;;;;0;;;;151.045 2.406 130.303|151.066 2.406 130.381;
18269843;;1;LV1B;;;KSBE_E_Ladder_FRP_Internal_Riser;;102;;;;;;;0;;;;150.937 2.406 131.090|150.916 2.406 131.168;
18269759;;1;LV1B;;;KSBE_E_Ladder_FRP_External_Riser;;102;;;;;;;0;;;;151.068 2.406 136.939|150.916 2.406 136.787;
18269309;;1;LV1B;;;KSBE_E_Ladder_FRP_Horizontal_Bend;;102;;;;;;;0;;;;151.224 2.255 126.267|151.073 2.406 126.267;
18268632;;1;LV1B;;;KSBE_E_Ladder_FRP_Horizontal_Bend;;102;;;;;;;0;;;;151.663 2.557 136.939|151.512 2.406 136.939;
18263456;;1;LV1B;;;KSBE_E_Ladder_FRP_Reducer;;102;;;;;;;0;;;;176.058 2.924 153.960|176.058 2.474 153.960;
17447712;;1;LV1B;;;KSBE_E_Ladder_FRP_Horizontal_Bend;;102;;;;;;;0;;;;175.841 4.629 136.939|176.062 4.097 136.939;
17447638;;1;LV1B;;;KSBE_E_Ladder_FRP_Horizontal_Bend;;102;;;;;;;0;;;;175.080 5.390 136.939|174.860 5.922 136.939;
17447496;;1;LV1B;;;KSBE_E_Ladder_FRP_Reducer;;102;;;;;;;0;;;;176.141 2.940 140.678|176.141 2.490 140.678;
17447317;;1;LV1B;;;KSBE_E_Ladder_FRP_Reducer;;102;;;;;;;0;;;;176.062 2.940 143.446|176.062 2.490 143.446;
17447258;;1;LV1B;;;KSBE_E_Ladder_FRP_Reducer;;102;;;;;;;0;;;;176.062 2.416 144.238|176.062 2.416 143.788;
17447235;;1;LV1B;;;KSBE_E_Ladder_FRP_Reducer;;102;;;;;;;0;;;;151.663 8.941 136.939|151.663 8.491 136.939;
17446917;;1;LV1B;;;KSBE_E_Ladder_FRP_Reducer;;102;;;;;;;0;;;;176.786 6.563 140.678|176.786 7.013 140.678;
17446909;;1;LV1B;;;KSBE_E_Ladder_FRP_Reducer;;102;;;;;;;0;;;;157.182 5.068 140.678|157.632 5.068 140.678;
17446554;;1;LV1B;;;KSBE_E_Ladder_FRP_Horizontal_Bend;;102;;;;;;;0;;;;172.227 2.644 143.446|172.578 2.995 143.446;
17446439;;1;LV1B;;;KSBE_E_Ladder_FRP_Reducer;;102;;;;;;;0;;;;175.236 3.471 143.446|175.686 3.471 143.446;
17446224;;1;LV1B;;;KSBE_E_Ladder_FRP_Reducer;;102;;;;;;;0;;;;176.062 2.919 150.340|176.062 2.469 150.340;
17445789;;1;LV1B;;;KSBE_E_Ladder_FRP_Reducer;;102;;;;;;;0;;;;176.067 2.480 161.266|176.067 2.930 161.266;
17445787;;1;LV1B;;;KSBE_E_Ladder_FRP_Horizontal_Bend;;102;;;;;;;0;;;;176.067 3.114 161.266|176.170 3.363 161.266;
17445772;;1;LV1B;;;KSBE_E_Ladder_FRP_Horizontal_Bend;;102;;;;;;;0;;;;176.185 3.378 161.266|176.288 3.627 161.266;
17445501;;1;LV1B;;;KSBE_E_Ladder_FRP_Reducer;;102;;;;;;;0;;;;176.058 2.477 157.476|176.058 2.927 157.476;
17445219;;1;LV1B;;;KSBE_E_Ladder_FRP_Reducer;;102;;;;;;;0;;;;168.478 7.712 153.960|168.928 7.712 153.960;
17445109;;1;LV1B;;;KSBE_E_Ladder_FRP_Reducer;;102;;;;;;;0;;;;176.058 8.042 153.960|176.058 7.592 153.960;
17337893;;1;LV1B;;;KSBE_E_Ladder_HDG_Internal_Riser;;100;;;;;;;0;;;;174.860 14.545 136.127|174.860 14.666 136.248;
17337816;;1;LV1B;;;KSBE_E_Ladder_HDG_Horizontal_Bend;;100;;;;;;;0;;;;175.611 16.120 136.587|174.860 15.369 136.587;
17337814;;1;LV1B;;;KSBE_E_Ladder_HDG_External_Riser;;100;;;;;;;0;;;;174.860 14.666 136.466|174.860 14.787 136.587;
17333130;;1;LV1B;;;KSBE_E_Ladder_FRP_Horizontal_Tee;;102;;;;;;;0;;;;174.860 7.451 136.939|174.860 6.850 136.939|174.109 6.850 136.939|174.860 6.850 136.939|174.860 6.249 136.939;
16880189;;1;LV1B;;;KSBE_E_Ladder_FRP_Horizontal_Bend;;102;;;;;;;0;;;;170.167 7.822 153.960|169.900 7.712 153.960;
16879628;;1;LV1B;;;FRP_HDG transition;0,9;0,11;;;;;;;0;;;;174.860 11.287 136.127|174.860 11.187 136.122;
16657051;;1;LV1B;;;KSBE_E_Ladder_HDG_Internal_Riser;;100;;;;;;;0;;;;206.012 54.695 126.301|206.012 55.346 126.952;
16240290;;1;LV1B;;;KSBE_E_Ladder_HDG_Reducer;;100;;;;;;;0;;;;206.012 55.346 144.699|206.012 55.346 144.199;
16240289;;1;LV1B;;;KSBE_E_Ladder_HDG_External_Riser;;100;;;;;;;0;;;;206.012 55.346 144.699|206.012 55.697 145.050;
15418219;;1;LV1B;;;KSBE_E_Ladder_FRP_Internal_Riser;;102;;;;;;;0;;;;174.860 10.680 136.474|174.860 11.032 136.122;
14355699;;1;LV1B;;;KSBE_E_Ladder_HDG_Horizontal_Bend;;100;;;;;;;0;;;;196.686 58.880 143.001|195.935 58.129 143.001;
14355698;;1;LV1B;;;KSBE_E_Ladder_HDG_Horizontal_Bend;;100;;;;;;;0;;;;196.156 43.635 143.001|195.935 44.167 143.001;
14352023;;1;LV1B;;;KSBE_E_Ladder_HDG_External_Riser;;100;;;;;;;0;;;;196.945 18.968 145.050|196.945 18.617 144.699;
14352021;;1;LV1B;;;KSBE_E_Ladder_HDG_External_Riser;;100;;;;;;;0;;;;196.945 41.054 145.050|196.945 41.405 144.699;
14352004;;1;LV1B;;;KSBE_E_Ladder_HDG_Horizontal_Bend;;100;;;;;;;0;;;;196.725 43.066 143.001|196.945 42.534 143.001;
14352002;;1;LV1B;;;KSBE_E_Ladder_HDG_Internal_Riser;;100;;;;;;;0;;;;196.945 41.756 143.001|196.945 41.405 143.352;
14351534;;1;LV1B;;;KSBE_E_Ladder_HDG_Horizontal_Bend;;100;;;;;;;0;;;;205.261 58.880 145.050|206.012 58.129 145.050;
14351531;;1;LV1B;;;KSBE_E_Ladder_HDG_External_Riser;;100;;;;;;;0;;;;200.949 58.880 145.050|200.598 58.880 144.699;
14351519;;1;LV1B;;;KSBE_E_Ladder_HDG_Internal_Riser;;100;;;;;;;0;;;;200.598 58.880 143.352|200.247 58.880 143.001;
14187956;;1;LV1B;;;KSBE_E_Ladder_HDG_External_Riser;;100;;;;;;;0;;;;183.160 16.120 139.375|182.809 16.120 139.024;
14187955;;1;LV1B;;;KSBE_E_Ladder_HDG_Horizontal_Bend;;100;;;;;;;0;;;;190.175 15.369 139.375|189.424 16.120 139.375;
13958463;;1;LV1B;;;KSBE_E_Ladder_FRP_Horizontal_Bend;;102;;;;;;;0;;;;168.741 8.760 136.939|169.061 8.627 136.939;
13958462;;1;LV1B;;;KSBE_E_Ladder_FRP_Horizontal_Bend;;102;;;;;;;0;;;;171.784 8.627 136.939|172.104 8.760 136.939;
13953988;;1;LV1B;;;KSBE_E_Ladder_FRP_Horizontal_Tee;;102;;;;;;;0;;;;159.791 9.392 136.939|160.142 9.392 136.939|160.142 9.843 136.939|160.142 9.392 136.939|160.493 9.392 136.939;
13953770;;1;LV1B;;;KSBE_E_Ladder_FRP_Horizontal_Tee;;102;;;;;;;0;;;;156.253 9.392 136.939|155.902 9.392 136.939|155.902 9.843 136.939|155.902 9.392 136.939|155.551 9.392 136.939;
13953370;;1;LV1B;;;KSBE_E_Ladder_FRP_Horizontal_Bend;;102;;;;;;;0;;;;152.114 9.392 136.939|151.663 8.941 136.939;
13953281;;1;LV1B;;;KSBE_E_Ladder_FRP_Horizontal_Bend;;102;;;;;;;0;;;;168.242 9.260 136.939|167.922 9.392 136.939;
13950398;;1;LV1B;;;KSBE_E_Ladder_FRP_Horizontal_Tee;;102;;;;;;;0;;;;174.464 10.179 161.266|174.113 10.179 161.266|174.113 9.828 161.266|174.113 10.179 161.266|173.762 10.179 161.266;
13949843;;1;LV1B;;;KSBE_E_Ladder_FRP_Horizontal_Bend;;102;;;;;;;0;;;;156.374 5.103 153.960|156.023 5.454 153.960;
13949841;;1;LV1B;;;KSBE_E_Ladder_FRP_Internal_Riser;;102;;;;;;;0;;;;156.023 8.056 154.312|156.023 7.704 153.960;
13949690;;1;LV1B;;;KSBE_E_Ladder_FRP_Horizontal_Bend;;102;;;;;;;0;;;;156.023 8.787 157.668|156.374 9.138 157.668;
13949689;;1;LV1B;;;KSBE_E_Ladder_FRP_External_Riser;;102;;;;;;;0;;;;156.023 8.408 157.668|156.023 8.056 157.316;
13949445;;1;LV1B;;;KSBE_E_Ladder_FRP_Horizontal_Bend;;102;;;;;;;0;;;;164.603 5.454 153.960|164.252 5.103 153.960;
13949444;;1;LV1B;;;KSBE_E_Ladder_FRP_Horizontal_Bend;;102;;;;;;;0;;;;164.954 7.712 153.960|164.603 7.361 153.960;
13798256;;1;LV1B;;;KSBE_E_Ladder_FRP_Horizontal_Bend;;102;;;;;;;0;;;;172.839 9.308 136.939|172.519 9.175 136.939;
13797008;;1;LV1B;;;KSBE_E_Ladder_FRP_External_Riser;;102;;;;;;;0;;;;174.860 10.680 136.587|174.860 10.328 136.939;
13794777;;1;LV1B;;;KSBE_E_Ladder_FRP_Horizontal_Tee;;102;;;;;;;0;;;;174.860 9.759 136.939|174.860 9.308 136.939|174.109 9.308 136.939|174.860 9.308 136.939|174.860 8.857 136.939;
13782712;;1;LV1B;;;KSBE_E_Ladder_HDG_Internal_Riser;;100;;;;;;;0;;;;182.809 16.120 136.938|182.458 16.120 136.587;
12955084;;1;LV1B;;;KSBE_E_Ladder_FRP_Horizontal_Bend;;102;;;;;;;0;;;;176.141 2.987 140.678|176.317 3.413 140.678;
12260561;;1;LV1B;;;KSBE_E_Ladder_FRP_Horizontal_Tee;;102;;;;;;;0;;;;172.227 3.471 143.446|172.578 3.471 143.446|172.578 3.120 143.446|172.578 3.471 143.446|172.929 3.471 143.446;
12260406;;1;LV1B;;;KSBE_E_Ladder_FRP_External_Riser;;102;;;;;;;0;;;;171.005 2.644 144.240|170.653 2.644 144.592;
12260403;;1;LV1B;;;KSBE_E_Ladder_FRP_Internal_Riser;;102;;;;;;;0;;;;171.357 2.644 143.446|171.005 2.644 143.798;
12260182;;1;LV1B;;;KSBE_E_Ladder_FRP_Horizontal_Bend;;102;;;;;;;0;;;;169.854 3.297 144.592|169.605 3.401 144.592;
12260181;;1;LV1B;;;KSBE_E_Ladder_FRP_Horizontal_Bend;;102;;;;;;;0;;;;170.404 2.748 144.592|170.653 2.644 144.592;
12259989;;1;LV1B;;;KSBE_E_Ladder_FRP_Horizontal_Bend;;102;;;;;;;0;;;;160.816 3.401 144.592|160.465 3.752 144.592;
12250338;;1;LV1B;;;KSBE_E_Ladder_FRP_Horizontal_Bend;;102;;;;;;;0;;;;175.759 6.139 140.678|176.185 5.962 140.678;
12250335;;1;LV1B;;;KSBE_E_Ladder_FRP_Horizontal_Tee;;102;;;;;;;0;;;;176.786 6.563 140.678|176.786 5.962 140.678|176.185 5.962 140.678|176.786 5.962 140.678|176.786 5.361 140.678;
12250322;;1;LV1B;;;KSBE_E_Ladder_FRP_Horizontal_Bend;;102;;;;;;;0;;;;175.501 6.397 140.678|175.075 6.573 140.678;
12250320;;1;LV1B;;;KSBE_E_Ladder_FRP_Horizontal_Bend;;102;;;;;;;0;;;;172.472 7.174 140.678|173.073 6.573 140.678;
12250050;;1;LV1B;;;KSBE_E_Ladder_FRP_Horizontal_Bend;;102;;;;;;;0;;;;176.609 3.706 140.678|176.786 4.132 140.678;
12250049;;1;LV1B;;;KSBE_E_Ladder_FRP_Horizontal_Bend;;102;;;;;;;0;;;;176.786 7.900 140.678|176.410 8.276 140.678;
11437932;;1;LV1B;;;KSBE_E_Ladder_FRP_Horizontal_Bend;;102;;;;;;;0;;;;176.062 3.095 143.446|175.686 3.471 143.446;
11437148;;1;LV1B;;;KSBE_E_Ladder_FRP_Horizontal_Bend;;102;;;;;;;0;;;;168.777 5.068 140.678|169.378 5.669 140.678;
11436940;;1;LV1B;;;KSBE_E_Ladder_FRP_Horizontal_Bend;;102;;;;;;;0;;;;156.806 5.444 140.678|157.182 5.068 140.678;
11436824;;1;LV1B;;;KSBE_E_Ladder_FRP_Horizontal_Bend;;102;;;;;;;0;;;;170.919 8.418 153.960|170.652 8.308 153.960;
10109571;;1;LV1B;;;KSBE_E_Ladder_FRP_Horizontal_Bend;;102;;;;;;;0;;;;157.137 7.184 140.678|157.248 7.451 140.678;
10109550;;1;LV1B;;;KSBE_E_Ladder_FRP_Horizontal_Bend;;102;;;;;;;0;;;;156.806 6.696 140.678|156.916 6.963 140.678;
10095041;;1;LV1B;;;KSBE_E_Ladder_FRP_Internal_Riser;;102;;;;;;;0;;;;169.279 7.336 153.960|169.279 6.984 154.312;
10095036;;1;LV1B;;;KSBE_E_Ladder_FRP_Horizontal_Tee;;102;;;;;;;0;;;;168.928 7.712 153.960|169.279 7.712 153.960|169.279 7.336 153.960|169.279 7.712 153.960|169.630 7.712 153.960;
9807765;;1;LV1B;;;KSBE_E_Ladder_FRP_Horizontal_Bend;;102;;;;;;;0;;;;176.202 6.379 150.340|176.553 6.028 150.340;
9807764;;1;LV1B;;;KSBE_E_Ladder_FRP_Horizontal_Bend;;102;;;;;;;0;;;;176.450 3.453 150.340|176.553 3.703 150.340;
9807727;;1;LV1B;;;KSBE_E_Ladder_FRP_Horizontal_Bend;;102;;;;;;;0;;;;176.062 2.919 150.340|176.165 3.168 150.340;
9807092;;1;LV1B;;;KSBE_E_Ladder_FRP_Horizontal_Bend;;102;;;;;;;0;;;;173.723 6.730 150.340|174.074 6.379 150.340;
9807088;;1;LV1B;;;KSBE_E_Ladder_FRP_Horizontal_Bend;;102;;;;;;;0;;;;173.372 8.098 150.340|173.723 7.747 150.340;
9807086;;1;LV1B;;;KSBE_E_Ladder_FRP_Horizontal_Bend;;102;;;;;;;0;;;;164.799 8.098 150.340|164.448 7.747 150.340;
9774578;;1;LV1B;;;KSBE_E_Ladder_FRP_Horizontal_Bend;;102;;;;;;;0;;;;176.288 9.828 161.266|175.937 10.179 161.266;
9772507;;1;LV1B;;;KSBE_E_Ladder_FRP_External_Riser;;102;;;;;;;0;;;;169.279 6.632 158.061|169.279 6.984 157.709;
9770784;;1;LV1B;;;KSBE_E_Ladder_FRP_Horizontal_Bend;;102;;;;;;;0;;;;175.682 8.418 153.960|176.058 8.042 153.960;
9769865;;1;LV1B;;;KSBE_E_Ladder_FRP_Horizontal_Bend;;102;;;;;;;0;;;;171.871 7.968 140.678|172.472 7.367 140.678;
8295975;;1;LV1B;;;KSBE_E_Ladder_HDG_Internal_Riser;;100;;;;;;;0;;;;196.945 18.617 142.626|196.945 18.266 142.275;
8294879;;1;LV1B;;;KSBE_E_Ladder_HDG_Horizontal_Bend;;100;;;;;;;0;;;;196.945 13.095 142.275|196.194 12.344 142.275;
8294876;;1;LV1B;;;KSBE_E_Ladder_HDG_External_Riser;;100;;;;;;;0;;;;193.836 12.344 142.275|193.485 12.344 141.924;
8294873;;1;LV1B;;;KSBE_E_Ladder_HDG_Internal_Riser;;100;;;;;;;0;;;;193.134 12.344 139.375|193.485 12.344 139.726;
8294803;;1;LV1B;;;KSBE_E_Ladder_HDG_Horizontal_Bend;;100;;;;;;;0;;;;190.926 12.344 139.375|190.175 13.095 139.375;
7417965;;1;LV1B;;;KSBE_E_Ladder_FRP_Horizontal_Bend;;102;;;;;;;0;;;;164.448 4.814 150.340|164.097 4.463 150.340;
7415268;;1;LV1B;;;KSBE_E_Ladder_FRP_Horizontal_Bend;;102;;;;;;;0;;;;160.465 9.777 144.592|160.816 10.128 144.592;
7413774;;1;LV1B;;;KSBE_E_Ladder_FRP_Horizontal_Bend;;102;;;;;;;0;;;;169.979 7.968 140.678|169.378 7.367 140.678;
18307569;;1;LV1B;;;KSBE_E_FRP_LADDER_ITLM-SS;150;102;;;;;;;0;;;;176.886 3.721 136.939|176.813 3.721 136.939;
18307562;;1;LV1B;;;KSBE_E_FRP_LADDER_ITLM-SS;150;102;;;;;;;0;;;;177.262 2.441 136.939|177.262 3.345 136.939;
18307466;;1;LV1B;;;KSBE_E_FRP_LADDER_ITLM-SS;150;102;;;;;;;0;;;;175.921 2.065 136.939|176.886 2.065 136.939;
18307002;;1;LV1B;;;KSBE_E_FRP_LADDER_ITLM-SS;150;102;;;;;;;0;;;;174.656 2.065 131.030|175.217 2.065 131.030;
18306859;;1;LV1B;;;KSBE_E_FRP_LADDER_ITLM-SS;150;102;;;;;;;0;;;;174.280 2.441 131.030|174.280 4.189 131.030;
18306680;;1;LV1B;;;KSBE_E_FRP_LADDER_ITLM-SS;150;102;;;;;;;0;;;;173.904 4.565 131.030|173.775 4.565 131.030;
18306045;;1;LV1B;;;KSBE_E_FRP_LADDER_ITLM-SS;150;102;;;;;;;0;;;;175.569 2.065 136.587|175.569 2.065 131.382;
18279184;;1;LV1B;;;KSBE_E_FRP_LADDER_ITLM-SS;100;102;;;;;;;0;;;;151.224 1.843 126.267|151.224 2.255 126.267;
18278922;;1;LV1B;;;KSBE_E_FRP_LADDER_ITLM-SS;100;102;;;;;;;0;;;;151.575 1.492 126.267|153.164 1.492 126.267;
18277757;;1;LV1B;;;KSBE_E_FRP_LADDER_ITLM-SS;100;102;;;;;;;0;;;;151.375 1.492 119.267|153.164 1.492 119.267;
18277740;;1;LV1B;;;KSBE_E_FRP_LADDER_ITLM-SS;100;102;;;;;;;0;;;;151.224 0.810 119.267|151.224 1.341 119.267;
18269895;;1;LV1B;;;KSBE_E_FRP_LADDER_ITLM-SS;100;102;;;;;;;0;;;;150.937 2.406 130.116|151.045 2.406 130.303;
18269733;;1;LV1B;;;KSBE_E_FRP_LADDER_ITLM-SS;100;102;;;;;;;0;;;;150.916 2.406 130.037|150.916 2.406 126.421;
18269568;;1;LV1B;;;KSBE_E_FRP_LADDER_ITLM-SS;100;102;;;;;;;0;;;;150.937 2.406 131.090|151.045 2.406 130.903;
18269331;;1;LV1B;;;KSBE_E_FRP_LADDER_ITLM-SS;100;102;;;;;;;0;;;;151.224 0.658 126.115|151.224 0.658 119.419;
18269303;;1;LV1B;;;KSBE_E_FRP_LADDER_ITLM-SS;100;102;;;;;;;0;;;;151.224 0.810 126.267|151.224 1.141 126.267;
18269249;;1;LV1B;;;KSBE_E_FRP_LADDER_ITLM-SS;100;102;;;;;;;0;;;;151.073 2.406 126.267|151.070 2.406 126.267;
18269067;;1;LV1B;;;KSBE_E_FRP_LADDER_ITLM-SS;100;102;;;;;;;0;;;;151.066 2.406 130.381|151.066 2.406 130.824;
18268663;;1;LV1B;;;KSBE_E_FRP_LADDER_ITLM-SS;100;102;;;;;;;0;;;;150.916 2.406 136.787|150.916 2.406 131.168;
18268622;;1;LV1B;;;KSBE_E_FRP_LADDER_ITLM-SS;100;102;;;;;;;0;;;;151.512 2.406 136.939|151.068 2.406 136.939;
18263400;;1;LV1B;;;KSBE_E_FRP_LADDER_ITLM-SS;300;102;;;;;;;0;;;;176.058 7.592 153.960|176.058 2.924 153.960;
17447628;;1;LV1B;;;KSBE_E_FRP_LADDER_ITLM-SS;900;102;;;;;;;0;;;;175.841 4.629 136.939|175.080 5.390 136.939;
17447621;;1;LV1B;;;KSBE_E_FRP_LADDER_ITLM-SS;900;102;;;;;;;0;;;;174.860 6.249 136.939|174.860 5.922 136.939;
17447461;;1;LV1B;;;KSBE_E_FRP_LADDER_ITLM-SS;600;102;;;;;;;0;;;;176.141 2.940 140.678|176.141 2.987 140.678;
17446743;;1;LV1B;;;KSBE_E_FRP_LADDER_ITLM-SS;150;102;;;;;;;0;;;;176.062 2.940 143.446|176.062 3.095 143.446;
17446491;;1;LV1B;;;KSBE_E_FRP_LADDER_ITLM-SS;100;102;;;;;;;0;;;;172.578 2.995 143.446|172.578 3.120 143.446;
17446175;;1;LV1B;;;KSBE_E_FRP_LADDER_ITLM-SS;450;102;;;;;;;0;;;;176.062 2.416 150.340|176.062 2.469 150.340;
17445758;;1;LV1B;;;KSBE_E_FRP_LADDER_ITLM-SS;100;102;;;;;;;0;;;;176.170 3.363 161.266|176.185 3.378 161.266;
17445489;;1;LV1B;;;KSBE_E_FRP_LADDER_ITLM-SS;450;102;;;;;;;0;;;;176.058 2.416 157.476|176.058 2.477 157.476;
17445345;;1;LV1B;;;KSBE_E_FRP_LADDER_ITLM-SS;100;102;;;;;;;0;;;;176.067 2.930 161.266|176.067 3.114 161.266;
17337707;;1;LV1B;;;KSBE_E_HDG_LADDER_UL/LN/ST;900;100;;;;;;;0;;;;174.860 15.369 136.587|174.860 14.787 136.587;
16880149;;1;LV1B;;;KSBE_E_FRP_LADDER_ITLM-SS;150;102;;;;;;;0;;;;169.900 7.712 153.960|169.630 7.712 153.960;
16879890;;1;LV1B;;;KSBE_E_FRP_LADDER_ITLM-SS;900;102;;;;;;;0;;;;174.860 9.759 136.939|174.860 10.328 136.939;
16879869;;1;LV1B;;;KSBE_E_FRP_LADDER_ITLM-SS;900;102;;;;;;;0;;;;174.860 8.857 136.939|174.860 7.451 136.939;
14351995;;1;LV1B;;;KSBE_E_HDG_LADDER_UL/LN/ST;900;100;;;;;;;0;;;;196.945 41.405 144.699|196.945 41.405 143.352;
14351681;;1;LV1B;;;KSBE_E_HDG_LADDER_UL/LN/ST;900;100;;;;;;;0;;;;196.945 18.968 145.050|196.945 41.054 145.050;
14351492;;1;LV1B;;;KSBE_E_HDG_LADDER_UL/LN/ST;900;100;;;;;;;0;;;;200.598 58.880 143.352|200.598 58.880 144.699;
14340193;;1;LV1B;;;KSBE_E_HDG_LADDER_UL/LN/ST;900;100;;;;;;;0;;;;196.945 41.756 143.001|196.945 42.534 143.001;
14339633;;1;LV1B;;;KSBE_E_HDG_LADDER_UL/LN/ST;900;100;;;;;;;0;;;;196.725 43.066 143.001|196.156 43.635 143.001;
14339481;;1;LV1B;;;KSBE_E_HDG_LADDER_UL/LN/ST;900;100;;;;;;;0;;;;195.935 44.167 143.001|195.935 58.129 143.001;
14339479;;1;LV1B;;;KSBE_E_HDG_LADDER_UL/LN/ST;900;100;;;;;;;0;;;;196.686 58.880 143.001|200.247 58.880 143.001;
13953989;;1;LV1B;;;KSBE_E_FRP_LADDER_ITLM-SS;300;102;;;;;;;0;;;;167.922 9.392 136.939|160.493 9.392 136.939;
13953944;;1;LV1B;;;KSBE_E_FRP_LADDER_ITLM-SS;100;102;;;;;;;0;;;;160.142 10.233 136.939|160.142 9.843 136.939;
13953771;;1;LV1B;;;KSBE_E_FRP_LADDER_ITLM-SS;300;102;;;;;;;0;;;;156.253 9.392 136.939|159.791 9.392 136.939;
13953112;;1;LV1B;;;KSBE_E_FRP_LADDER_ITLM-SS;300;102;;;;;;;0;;;;168.242 9.260 136.939|168.741 8.760 136.939;
13952721;;1;LV1B;;;KSBE_E_FRP_LADDER_ITLM-SS;300;102;;;;;;;0;;;;152.114 9.392 136.939|155.551 9.392 136.939;
13951659;;1;LV1B;;;KSBE_E_FRP_LADDER_ITLM-SS;100;102;;;;;;;0;;;;151.663 8.491 136.939|151.663 2.557 136.939;
13950399;;1;LV1B;;;KSBE_E_FRP_LADDER_ITLM-SS;100;102;;;;;;;0;;;;174.464 10.179 161.266|175.937 10.179 161.266;
13950179;;1;LV1B;;;KSBE_E_FRP_LADDER_ITLM-SS;100;102;;;;;;;0;;;;174.113 8.231 161.266|174.113 9.828 161.266;
13949688;;1;LV1B;;;KSBE_E_FRP_LADDER_ITLM-SS;100;102;;;;;;;0;;;;156.023 8.056 157.316|156.023 8.056 154.312;
13949687;;1;LV1B;;;KSBE_E_FRP_LADDER_ITLM-SS;100;102;;;;;;;0;;;;156.023 8.787 157.668|156.023 8.408 157.668;
13949686;;1;LV1B;;;KSBE_E_FRP_LADDER_ITLM-SS;100;102;;;;;;;0;;;;156.374 9.138 157.668|157.236 9.138 157.668;
13949404;;1;LV1B;;;KSBE_E_FRP_LADDER_ITLM-SS;100;102;;;;;;;0;;;;156.374 5.103 153.960|164.252 5.103 153.960;
13949395;;1;LV1B;;;KSBE_E_FRP_LADDER_ITLM-SS;100;102;;;;;;;0;;;;156.023 7.704 153.960|156.023 5.454 153.960;
13949380;;1;LV1B;;;KSBE_E_FRP_LADDER_ITLM-SS;100;102;;;;;;;0;;;;164.603 7.361 153.960|164.603 5.454 153.960;
13799591;;1;LV1B;;;KSBE_E_FRP_LADDER_ITLM-SS;900;102;;;;;;;0;;;;174.860 11.032 136.122|174.860 11.187 136.122;
13798940;;1;LV1B;;;KSBE_E_FRP_LADDER_ITLM-SS;300;102;;;;;;;0;;;;169.061 8.627 136.939|171.784 8.627 136.939;
13798166;;1;LV1B;;;KSBE_E_FRP_LADDER_ITLM-SS;300;102;;;;;;;0;;;;172.104 8.760 136.939|172.519 9.175 136.939;
13797936;;1;LV1B;;;KSBE_E_FRP_LADDER_ITLM-SS;100;102;;;;;;;0;;;;155.902 9.843 136.939|155.902 10.233 136.939;
13794504;;1;LV1B;;;KSBE_E_FRP_LADDER_ITLM-SS;300;102;;;;;;;0;;;;174.109 9.308 136.939|172.839 9.308 136.939;
13793268;;1;LV1B;;;KSBE_E_FRP_LADDER_ITLM-SS;900;102;;;;;;;0;;;;174.860 10.680 136.587|174.860 10.680 136.474;
13792932;;1;LV1B;;;KSBE_E_HDG_LADDER_UL/LN/ST;900;100;;;;;;;0;;;;174.860 11.287 136.127|174.860 14.545 136.127;
13792620;;1;LV1B;;;KSBE_E_HDG_LADDER_UL/LN/ST;900;100;;;;;;;0;;;;174.860 14.666 136.466|174.860 14.666 136.248;
13782609;;1;LV1B;;;KSBE_E_HDG_LADDER_UL/LN/ST;900;100;;;;;;;0;;;;182.458 16.120 136.587|175.611 16.120 136.587;
13782588;;1;LV1B;;;KSBE_E_HDG_LADDER_UL/LN/ST;900;100;;;;;;;0;;;;182.809 16.120 136.938|182.809 16.120 139.024;
12954970;;1;LV1B;;;KSBE_E_FRP_LADDER_ITLM-SS;900;102;;;;;;;0;;;;176.141 2.490 140.678|176.062 2.416 140.678;
12260562;;1;LV1B;;;KSBE_E_FRP_LADDER_ITLM-SS;100;102;;;;;;;0;;;;172.929 3.471 143.446|175.236 3.471 143.446;
12259854;;1;LV1B;;;KSBE_E_FRP_LADDER_ITLM-SS;100;102;;;;;;;0;;;;169.854 3.297 144.592|170.404 2.748 144.592;
12259285;;1;LV1B;;;KSBE_E_FRP_LADDER_ITLM-SS;100;102;;;;;;;0;;;;171.005 2.644 143.798|171.005 2.644 144.240;
12259223;;1;LV1B;;;KSBE_E_FRP_LADDER_ITLM-SS;100;102;;;;;;;0;;;;171.357 2.644 143.446|172.227 2.644 143.446;
12250336;;1;LV1B;;;KSBE_E_FRP_LADDER_ITLM-SS;150;102;;;;;;;0;;;;176.786 7.013 140.678|176.786 7.900 140.678;
12250209;;1;LV1B;;;KSBE_E_FRP_LADDER_ITLM-SS;600;102;;;;;;;0;;;;175.501 6.397 140.678|175.759 6.139 140.678;
12249020;;1;LV1B;;;KSBE_E_FRP_LADDER_ITLM-SS;600;102;;;;;;;0;;;;176.786 4.132 140.678|176.786 5.361 140.678;
12248998;;1;LV1B;;;KSBE_E_FRP_LADDER_ITLM-SS;600;102;;;;;;;0;;;;176.609 3.706 140.678|176.317 3.413 140.678;
11437853;;1;LV1B;;;KSBE_E_FRP_LADDER_ITLM-SS;900;102;;;;;;;0;;;;176.062 2.490 143.446|176.062 2.416 143.446;
10869230;;1;LV1B;;;KSBE_E_FRP_LADDER_ITLM-SS;150;102;;;;;;;0;;;;173.399 4.941 131.030|173.399 6.158 131.030;
10109565;;1;LV1B;;;KSBE_E_FRP_LADDER_ITLM-SS;150;102;;;;;;;0;;;;157.248 7.674 140.678|157.248 7.451 140.678;
10109552;;1;LV1B;;;KSBE_E_FRP_LADDER_ITLM-SS;150;102;;;;;;;0;;;;156.916 6.963 140.678|157.137 7.184 140.678;
10109302;;1;LV1B;;;KSBE_E_FRP_LADDER_ITLM-SS;150;102;;;;;;;0;;;;156.806 6.696 140.678|156.806 5.444 140.678;
10095037;;1;LV1B;;;KSBE_E_FRP_LADDER_ITLM-SS;100;102;;;;;;;0;;;;164.954 7.712 153.960|168.478 7.712 153.960;
9807742;;1;LV1B;;;KSBE_E_FRP_LADDER_ITLM-SS;100;102;;;;;;;0;;;;176.553 3.703 150.340|176.553 6.028 150.340;
9807728;;1;LV1B;;;KSBE_E_FRP_LADDER_ITLM-SS;100;102;;;;;;;0;;;;176.450 3.453 150.340|176.165 3.168 150.340;
9774571;;1;LV1B;;;KSBE_E_FRP_LADDER_ITLM-SS;100;102;;;;;;;0;;;;173.081 10.179 161.266|173.762 10.179 161.266;
9772359;;1;LV1B;;;KSBE_E_FRP_LADDER_ITLM-SS;100;102;;;;;;;0;;;;169.279 6.632 158.061|169.279 4.082 158.061;
9772053;;1;LV1B;;;KSBE_E_FRP_LADDER_ITLM-SS;100;102;;;;;;;0;;;;169.279 6.984 154.312|169.279 6.984 157.709;
9771118;;1;LV1B;;;KSBE_E_FRP_LADDER_ITLM-SS;150;102;;;;;;;0;;;;170.652 8.308 153.960|170.167 7.822 153.960;
9161385;;1;LV1B;;;KSBE_E_FRP_LADDER_ITLM-SS;600;102;;;;;;;0;;;;173.073 6.573 140.678|175.075 6.573 140.678;
9161371;;1;LV1B;;;KSBE_E_FRP_LADDER_ITLM-SS;600;102;;;;;;;0;;;;172.472 7.174 140.678|172.472 7.367 140.678;
9161254;;1;LV1B;;;KSBE_E_FRP_LADDER_ITLM-SS;600;102;;;;;;;0;;;;169.979 7.968 140.678|171.871 7.968 140.678;
9160947;;1;LV1B;;;KSBE_E_FRP_LADDER_ITLM-SS;100;102;;;;;;;0;;;;173.723 7.747 150.340|173.723 6.730 150.340;
9160943;;1;LV1B;;;KSBE_E_FRP_LADDER_ITLM-SS;100;102;;;;;;;0;;;;176.288 9.828 161.266|176.288 3.627 161.266;
8733993;;1;LV1B;;;KSBE_E_FRP_LADDER_ITLM-SS;900;102;;;;;;;0;;;;176.062 2.416 140.678|176.062 2.416 143.788|176.062 2.416 137.291|176.062 2.416 143.446;
8294872;;1;LV1B;;;KSBE_E_HDG_LADDER_UL/LN/ST;900;100;;;;;;;0;;;;193.485 12.344 141.924|193.485 12.344 139.726;
8294865;;1;LV1B;;;KSBE_E_HDG_LADDER_UL/LN/ST;900;100;;;;;;;0;;;;193.836 12.344 142.275|196.194 12.344 142.275;
8294799;;1;LV1B;;;KSBE_E_HDG_LADDER_UL/LN/ST;900;100;;;;;;;0;;;;190.926 12.344 139.375|193.134 12.344 139.375;
8294791;;1;LV1B;;;KSBE_E_HDG_LADDER_UL/LN/ST;900;100;;;;;;;0;;;;190.175 13.095 139.375|190.175 15.369 139.375;
8293809;;1;LV1B;;;KSBE_E_HDG_LADDER_UL/LN/ST;900;100;;;;;;;0;;;;196.945 13.095 142.275|196.945 18.266 142.275;
8039798;;1;LV1B;;;KSBE_E_HDG_LADDER_UL/LN/ST;900;100;;;;;;;0;;;;206.012 55.346 144.199|206.012 55.346 126.952;
7838908;;1;LV1B;;;KSBE_E_HDG_LADDER_UL/LN/ST;900;100;;;;;;;0;;;;196.945 18.617 144.699|196.945 18.617 142.626;
7817760;;1;LV1B;;;KSBE_E_HDG_LADDER_UL/LN/ST;900;100;;;;;;;0;;;;189.424 16.120 139.375|183.160 16.120 139.375;
7421105;;1;LV1B;;;KSBE_E_FRP_LADDER_ITLM-SS;450;102;;;;;;;0;;;;176.067 2.480 161.266|176.062 2.416 161.266;
7420506;;1;LV1B;;;KSBE_E_FRP_LADDER_ITLM-SS;150;102;;;;;;;0;;;;176.058 2.927 157.476|176.058 6.569 157.476;
7418176;;1;LV1B;;;KSBE_E_FRP_LADDER_ITLM-SS;150;102;;;;;;;0;;;;175.682 8.418 153.960|170.919 8.418 153.960;
7418169;;1;LV1B;;;KSBE_E_FRP_LADDER_ITLM-SS;450;102;;;;;;;0;;;;176.058 2.474 153.960|176.062 2.416 153.960;
7417961;;1;LV1B;;;KSBE_E_FRP_LADDER_ITLM-SS;100;102;;;;;;;0;;;;164.097 4.463 150.340|163.463 4.463 150.340;
7417954;;1;LV1B;;;KSBE_E_FRP_LADDER_ITLM-SS;100;102;;;;;;;0;;;;164.448 4.814 150.340|164.448 7.747 150.340;
7417131;;1;LV1B;;;KSBE_E_FRP_LADDER_ITLM-SS;100;102;;;;;;;0;;;;173.372 8.098 150.340|164.799 8.098 150.340;
7416915;;1;LV1B;;;KSBE_E_FRP_LADDER_ITLM-SS;100;102;;;;;;;0;;;;176.202 6.379 150.340|174.074 6.379 150.340;
7415260;;1;LV1B;;;KSBE_E_FRP_LADDER_ITLM-SS;100;102;;;;;;;0;;;;160.816 10.128 144.592|165.465 10.128 144.592;
7415178;;1;LV1B;;;KSBE_E_FRP_LADDER_ITLM-SS;100;102;;;;;;;0;;;;160.465 3.752 144.592|160.465 9.777 144.592;
7415038;;1;LV1B;;;KSBE_E_FRP_LADDER_ITLM-SS;100;102;;;;;;;0;;;;169.605 3.401 144.592|160.816 3.401 144.592;
7414509;;1;LV1B;;;KSBE_E_FRP_LADDER_ITLM-SS;100;102;;;;;;;0;;;;172.227 3.471 143.446|170.573 3.471 143.446;
7413667;;1;LV1B;;;KSBE_E_FRP_LADDER_ITLM-SS;150;102;;;;;;;0;;;;176.410 8.276 140.678|175.783 8.276 140.678;
7412393;;1;LV1B;;;KSBE_E_FRP_LADDER_ITLM-SS;600;102;;;;;;;0;;;;168.777 5.068 140.678|157.632 5.068 140.678;
7412386;;1;LV1B;;;KSBE_E_FRP_LADDER_ITLM-SS;600;102;;;;;;;0;;;;169.378 7.367 140.678|169.378 5.669 140.678;
7402663;;1;LV1B;;;KSBE_E_FRP_LADDER_ITLM-SS;450;102;;;;;;;0;;;;176.062 2.416 144.238|176.062 2.416 153.960|176.062 2.416 150.340|176.062 2.416 161.266;
7402437;;1;LV1B;;;KSBE_E_FRP_LADDER_ITLM-SS;900;102;;;;;;;0;;;;176.062 2.768 136.939|176.062 3.345 136.939;
2969413;;1;LV1B;;;KSBE_E_HDG_LADDER_UL/LN/ST;900;100;;;;;;;0;;;;205.261 58.880 145.050|200.949 58.880 145.050;
2969330;;1;LV1B;;;KSBE_E_HDG_LADDER_UL/LN/ST;900;100;;;;;;;0;;;;206.012 55.697 145.050|206.012 58.129 145.050;
1111111;;1;LV1B;;;KSBE_E_HDG_LADDER_UL/LN/ST;900;100;;;;;;;0;;;;175.682 8.418 153.960| 173.485 12.154 156.634;
